sku,title,description
SKU-BODYMILK-NIVEA,Nivea Nourishing Body Milk 72h Moisture Lotion,Dark royal blue plastic bottle with white flip-cap and Nivea Body Milk branding.
SKU-BOOK-GGBB,Good Girl Bad Blood by Holly Jackson,Paperback book with red cover cursive white and grey title lettering and Holly Jackson author name.
SKU-BOOK-GGGM,A Good Girl's Guide to Murder by Holly Jackson,Paperback book with off-white grid background handwritten title font and red string graphic.
SKU-EARBUDS-BOAT,boAt Airdopes 311 Pro True Wireless Earbuds,Square packaging box with white/grey front boAt logo showing black earbuds and transparent charging case.
SKU-PHONE-M36,Samsung Galaxy M36 5G Smartphone Box,White rectangular smartphone box with Samsung logo colorful screen illustration and Galaxy M36 5G label.
SKU-SANITIZER-DETTOL,Dettol Original Instant Hand Sanitizer,Small clear bottle with bright green flip-cap and green shield Dettol label.
SKU-SOAP-MYSORE,Mysore Sandal Soap Carton,Rectangular green carton box with red ornate borders and cream central Mysore Sandal Soap emblem.
SKU-STICKY-MRDIY,MR.DIY Color Sticky Notes (8 Colors 240 Sheets),Square red wrapped packaging with MR.DIY logo and white line illustration of sticky note sheets.
SKU-SUNSCREEN-DERMA,Dermatouch Multivitamin SPF 50 PA++++ Sunscreen Gel,White squeeze tube with white flip-top cap Dermatouch logo and horizontal orange accent band.
SKU-TRIMMER-BOMBAY,Bombay Shaving Company All Rounder 2-in-1 Trimmer,Bright turquoise/teal rectangular box with large white Bombay Shaving Company branding and trimmer image.
